Comment,Designator,Footprint,Num,Digi-Key PN,MPN,Price ,Total Price,Part Page
47n,"C1,C2",Capacitor_SMD:C_0201_0603Metric,2,490-GRM033R60J473JE19DCT-ND,GRM033R60J473JE19D,$0.15,$0.30,https://www.digikey.ca/en/products/detail/murata-electronics/GRM033R60J473JE19D/10704515?s=N4IgTCBcDaICwE4AMBaA4gJQLJIMy4wDYkApOAdlxIFEBGBAEQGEAVFAOQZAF0BfIA
24n,"C11,C12",Capacitor_SMD:C_0805_2012Metric,2,478-10432-1-ND,08051C243JAT2A,$0.43,$0.86,https://www.digikey.ca/en/products/detail/kyocera-avx/08051C243JAT2A/1601378?s=N4IgTCBcDaIKwA4CMBaADAtckGEwBYBmAKQEEAVMUkAXQF8g
4.7n,"C13,C14",Capacitor_SMD:C_0201_0603Metric,2,490-GRM033R71A472JA01DCT-ND,GRM033R71A472JA01D,$0.15,$0.30,https://www.digikey.ca/en/products/detail/murata-electronics/GRM033R71A472JA01D/10705945?s=N4IgTCBcDaIAQHEBKBZADAZg0g7ARgEEAWHMAKQLTwBEQBdAXyA
3.3n,"C15,C16",Capacitor_SMD:C_0402_1005Metric,2,490-17826-1-ND,GRM033R71A332JA01D,$0.15,$0.30,https://www.digikey.ca/en/products/detail/murata-electronics/GRM033R71A332JA01D/7362926?s=N4IgTCBcDaIOICUCyAGAzGhB2AjAQQzACk8UcAREAXQF8g
6.2n,"C17,C18",Capacitor_SMD:C_0805_2012Metric,2,490-1637-1-ND,GRM2195C1H622JA01D,$0.41,$0.82,https://www.digikey.ca/en/products/detail/murata-electronics/GRM2195C1H622JA01D/586784?s=N4IgTCBcDaIOICUCyYCMBOArAYVQCQDYwwApAQQAZUAREAXQF8g
1.6n,"C19,C20",Capacitor_SMD:C_0603_1608Metric,2,490-1456-1-ND,GRM1885C1H162JA01D,$0.18,$0.36,https://www.digikey.ca/en/products/detail/murata-electronics/GRM1885C1H162JA01D/586948?s=N4IgTCBcDaIOICUCyBGAHGgrAYRQCRQDYwApAQQAYUAREAXQF8g
1n,"C21,C22,C25,C26,C27,C28,C29,C30,C31,C32,C33,C34,C35,C36,C37,C38,C39,C40,C41,C42",Capacitor_SMD:C_0201_0603Metric,20,490-14448-1-ND,GRM0335C1E102JA01D,$0.15,$3.00,https://www.digikey.ca/en/products/detail/murata-electronics/GRM0335C1E102JA01D/6606077?s=N4IgTCBcDaIAQHEBKBZADAZgwVgMIEYBRfNMAKQEE18AREAXQF8g
3n,"C23,C24",Capacitor_SMD:C_0402_1005Metric,2,490-8243-1-ND,GRM1557U1A302JA01D,$0.25,$0.50,https://www.digikey.ca/en/products/detail/murata-electronics/GRM1557U1A302JA01D/2610575?s=N4IgjCBcpgbFoDGUBmBDANgZwKYBoQB7KAbRAGYBOMAVgA4QBdAgBwBcoQBlNgJwEsAdgHMQAXwKxKCEMkjps%2BIqRAAWAAyVVcJqw6RufIaInhKdadFmpMuAsUhl1TUwCZ1qy0huL7K8uqBAAQsAGK6IOycAKqC-GwA8igAsjhoWACuvDjiBAC0rjJyfBlKDmQ0LmJiQA
27n,"C3,C4",Capacitor_SMD:C_0603_1608Metric,2,311-4012-1-ND,CC0603JRX7R9BB273,$0.19,$0.38,https://www.digikey.ca/en/products/detail/yageo/CC0603JRX7R9BB273/5883686
100u,"C43,C44",Capacitor_SMD:C_1206_3216Metric,2,490-GRM31CD80J107MEA8KCT-ND,GRM31CD80J107MEA8K,$0.71,$1.42,https://www.digikey.ca/en/products/detail/murata-electronics/GRM31CD80J107MEA8K/13905021
10u,"C45,C46,C54",Capacitor_SMD:C_0805_2012Metric,3,1276-1096-1-ND,CL21A106KOQNNNE,$0.15,$0.45,https://www.digikey.ca/en/products/detail/samsung-electro-mechanics/CL21A106KOQNNNE/3886754
1u,"C47,C48,C49,C52,C53,C57,C58",Capacitor_SMD:C_0402_1005Metric,7,399-C0402C101K8RACAUTOCT-ND,C0402C101K8RACAUTO,$0.27,$1.89,https://www.digikey.ca/en/products/detail/kemet/C0402C101K8RACAUTO/16524895?s=N4IgTCBcDaIAQGEAMAWJYEEYmYNIA4AlAQQWIFUAVAeRAF0BfIA
75n,"C5,C6",Capacitor_SMD:C_1206_3216Metric,2,490-6506-1-ND,GRM31C5C1H753JA01L,$0.92,$1.84,https://www.digikey.ca/en/products/detail/murata-electronics/GRM31C5C1H753JA01L/2548145?s=N4IgjCBcoEwAwBYCcVQGMoDMCGAbAzgKYA0IA9lANohwB0cA7AKwAEArQGIgC6pADgBcoIAKoA7AJYCA8pgCyhbPgCuAJ0IgAvqQC0MVCAyQBq5SXJUQTHpttA
0.33uF,C50,Capacitor_SMD:C_0603_1608Metric,1,732-7992-1-ND,8.85E+11,$0.15,$0.15,https://www.digikey.ca/en/products/detail/w%C3%BCrth-elektronik/885012206074/5453847?s=N4IgTCBcDaIBxwKwAYCMYzIGzIOwBYQBdAXyA
100u,C55,Capacitor_THT:C_Radial_D5.0mm_H5.0mm_P2.00mm,1,732-8598-1-ND,8.60E+11,$0.16,$0.16,https://www.digikey.ca/en/products/detail/w%C3%BCrth-elektronik/860010372006/5726847?s=N4IgTCBcDaIAQA4BsAGFBGFBmA7GNSIAugL5A
0.002u,C56,Capacitor_SMD:C_0402_1005Metric,1,399-13403-1-ND,C0402C202J8JAC7867,$0.36,$0.36,https://www.digikey.ca/en/products/detail/kemet/C0402C202J8JAC7867/6123084
10u,C59,Capacitor_THT:CP_Radial_D5.0mm_P2.00mm,1,732-8593-1-ND,8.6001E+11,$0.15,$0.15,https://www.digikey.ca/en/products/detail/w%C3%BCrth-elektronik/860010372001/5726842?s=N4IgTCBcDaIAQA4BsAGFBGFBmA7GN6IAugL5A
0.1uF,"C51,C60,C61,C62,C63,C64,C65,C66,C67,C68,C69,C70,C71,C72,C73",Capacitor_SMD:C_0805_2012Metric,15,1276-1099-1-ND,CL21B104KACNNNC,$0.15,$2.25,https://www.digikey.ca/en/products/detail/samsung-electro-mechanics/CL21B104KACNNNC/3886757
13n,"C7,C8",Capacitor_SMD:C_0805_2012Metric,2,490-12752-1-ND,GRM2195C1H133JA01D,$0.56,$1.12,https://www.digikey.ca/en/products/detail/murata-electronics/GRM2195C1H133JA01D/2545205
6.8n,"C9,C10",Capacitor_SMD:C_0805_2012Metric,2,399-C0805C682J5GEC7210CT-ND,C0805C682J5GEC7210,$0.40,$0.80,https://www.digikey.ca/en/products/detail/kemet/C0805C682J5GEC7210/8645965
AudioJack3,J1,Connector_Audio:Jack_3.5mm_CUI_SJ-3523-SMT_Horizontal,1,2092-STX-3000-ND,STX-3000,$1.18,$1.18,https://www.digikey.ca/en/products/detail/kycon-inc/STX-3000/9975995?s=N4IgTCBcDaIMoBUAaBaAzABiyAugXyA
PJ-079BH,J2,CUI_PJ-079BH,1,CP-070BHPJCT-ND,CP-070BHPJCT-ND,$2.37,$2.37,https://www.digikey.ca/en/products/detail/cui-devices/PJ-070BH-SMT-TR/3466647?s=N4IgTCBcDaIAQAUBSBaADAdjQIQBIoGUBZAFRRICUQBdAXyA
Screw_Terminal_01x02,J3,"TerminalBlock_Phoenix:TerminalBlock_Phoenix_MPT-0,5-2-2.54_1x02_P2.54mm_Horizontal",1,277-1273-ND,1725656,$2.96,$2.96,https://www.digikey.ca/en/products/detail/phoenix-contact/1725656/267462
Jumper_2_Open,JP2,Connector_PinHeader_2.54mm:PinHeader_2x01_P2.54mm_Vertical,1,952-2262-ND,M20-9990246,$0.19,$0.19,https://www.digikey.ca/en/products/detail/harwin-inc/M20-9990246/3728226?s=N4IgTCBcDaILJgAwFoCc7FgCwDYQF0BfIA
DMP2123LQ-7,Q1,Package_TO_SOT_SMD:SOT-23,1,DMP2123LQ-7DICT-ND,DMP2123LQ-7,$0.80,$0.80,https://www.digikey.ca/en/products/detail/diodes-incorporated/DMP2123LQ-7/5768836?s=N4IgTCBcDaIAQBECyAFMBGMBmAMgRQFoB2EAXQF8g
84.5k,R1,Resistor_SMD:R_0201_0603Metric,1,YAG2821CT-ND,RC0201FR-0784K5L,$0.16,$0.16,https://www.digikey.ca/en/products/detail/yageo/RC0201FR-0784K5L/5280681?s=N4IgTCBcDaIAQCUDCAGMKCMAxBBaFA7ABwAsA0gKwAyIAugL5A
110k,R10,Resistor_SMD:R_0201_0603Metric,1,YAG2378CT-ND,RC0201FR-07110KL,$0.16,$0.16,https://www.digikey.ca/en/products/detail/yageo/RC0201FR-07110KL/5280238?s=N4IgTCBcDaIEoGEAMYkEYBicC0SDsaaSA0gDIgC6AvkA
162k,R12,Resistor_SMD:R_0201_0603Metric,1,YAG2428CT-ND,RC0201FR-07162KL,$0.16,$0.16,https://www.digikey.ca/en/products/detail/yageo/RC0201FR-07162KL/5280288?s=N4IgTCBcDaIEoGEAMYkEYBicC0SDsaAbGANIAyIAugL5A
118k,R13,Resistor_SMD:R_0201_0603Metric,1,YAG2384CT-ND,RC0201FR-07118KL,$0.16,$0.16,https://www.digikey.ca/en/products/detail/yageo/RC0201FR-07118KL/5280244?s=N4IgTCBcDaIAQCUDCAGMKCMAxBBaFA7BhgBwDSAMiALoC%2BQA
63.4k,R14,Resistor_SMD:R_0201_0603Metric,1,YAG2758CT-ND,RC0201FR-0763K4L,$0.16,$0.16,https://www.digikey.ca/en/products/detail/yageo/RC0201FR-0763K4L/5280618?s=N4IgTCBcDaIAQCUDCAGMKCMAxBBaFA7AGwDMA0gCwAyIAugL5A
62k,R15,Resistor_SMD:R_0201_0603Metric,1,YAG2754CT-ND,RC0201FR-0762KL,$0.16,$0.16,https://www.digikey.ca/en/products/detail/yageo/RC0201FR-0762KL/5280614?s=N4IgTCBcDaIEoGEAMYkEYBicC0SDsAbGANIAyIAugL5A
309k,R16,Resistor_SMD:R_0201_0603Metric,1,YAG2588CT-ND,RC0201FR-07309KL,$0.16,$0.16,https://www.digikey.ca/en/products/detail/yageo/RC0201FR-07309KL/5280448?s=N4IgTCBcDaIEoGEAMYkEYBicC0SDsAzEgJwDSAMiALoC%2BQA
68k,R17,Resistor_SMD:R_0201_0603Metric,1,YAG2772CT-ND,RC0201FR-0768KL,$0.16,$0.16,https://www.digikey.ca/en/products/detail/yageo/RC0201FR-0768KL/5280632?s=N4IgTCBcDaIDoBcAEAlAwgBjBgjAMRQFoMB2ANgA4BpAGRAF0BfIA
66.5k,"R18,R31,R36,R51",Resistor_SMD:R_0201_0603Metric,4,YAG2766CT-ND,RC0201FR-0766K5L,$0.16,$0.64,https://www.digikey.ca/en/products/detail/yageo/RC0201FR-0766K5L/5280626?s=N4IgTCBcDaIEoGEAMYkEYBicC0SDsAbAQNICsAMiALoC%2BQA
332k,R19,Resistor_SMD:R_0201_0603Metric,1,YAG2605CT-ND,RC0201FR-07332KL,$0.16,$0.16,https://www.digikey.ca/en/products/detail/yageo/RC0201FR-07332KL/5280465?s=N4IgTCBcDaIEoGEAMYkEYBicC0SDsAzAWANIAyIAugL5A
160k,"R2,R41,R50",Resistor_SMD:R_0201_0603Metric,3,YAG2426CT-ND,RC0201FR-07160KL,$0.16,$0.48,https://www.digikey.ca/en/products/detail/yageo/RC0201FR-07160KL/5280286?s=N4IgTCBcDaIAQCUDCAGMKCMAxBBaFA7BgGwoDSAMiALoC%2BQA
137k,R20,Resistor_SMD:R_0201_0603Metric,1,YAG2397CT-ND,RC0201FR-07137KL,$0.16,$0.16,https://www.digikey.ca/en/products/detail/yageo/RC0201FR-07137KL/5280257?s=N4IgTCBcDaIEoGEAMYkEYBicC0SDsaAzHgNIAyIAugL5A
45.3k,R21,Resistor_SMD:R_0201_0603Metric,1,YAG2683CT-ND,RC0201FR-0745R3L,$0.16,$0.16,https://www.digikey.ca/en/products/detail/yageo/RC0201FR-0745R3L/5280543?s=N4IgTCBcDaIAQCUDCAGMKCMAxBBaFA7ACwCsCAzADIgC6AvkA
270k,"R22,R35,R53",Resistor_SMD:R_0201_0603Metric,3,YAG2548CT-ND,RC0201FR-07270KL,$0.16,$0.48,https://www.digikey.ca/en/products/detail/yageo/RC0201FR-07270KL/5280408?s=N4IgTCBcDaIEoGEAMYkEYBicC0SDsYeSA0gDIgC6AvkA
143k,R23,Resistor_SMD:R_0201_0603Metric,1,P122734CT-ND,ERJ-1GNF1433C,$0.16,$0.16,https://www.digikey.ca/en/products/detail/panasonic-electronic-components/ERJ-1GNF1433C/2036356?s=N4IgTCBcDaIKICUBSBaAjAcQHIDE0BYBmQgYRAF0BfIA
19.1k,R24,Resistor_SMD:R_0201_0603Metric,1,YAG2464CT-ND,RC0201FR-0719K1L,$0.16,$0.16,https://www.digikey.ca/en/products/detail/yageo/RC0201FR-0719K1L/5280324?s=N4IgTCBcDaIAQCUDCAGMKCMAxBBaFA7BgJwDSGAMiALoC%2BQA
590k,R25,Resistor_SMD:R_0201_0603Metric,1,YAG2737CT-ND,RC0201FR-07590KL,$0.16,$0.16,https://www.digikey.ca/en/products/detail/yageo/RC0201FR-07590KL/5280597?s=N4IgTCBcDaIAQCUDCAGMKCMAxBBaFA7AKwCcKA0gDIgC6AvkA
140k,R26,Resistor_SMD:R_0201_0603Metric,1,P122730CT-ND,ERJ-1GNF1403C,$0.16,$0.16,https://www.digikey.ca/en/products/detail/panasonic-electronic-components/ERJ-1GNF1403C/2036355?s=N4IgTCBcDaIKICUBSBaAjAcQHIDE0BYAGAZgGEQBdAXyA
18.7k,R27,Resistor_SMD:R_0201_0603Metric,1,YAG2456CT-ND,RC0201FR-0718K7L,$0.16,$0.16,https://www.digikey.ca/en/products/detail/yageo/RC0201FR-0718K7L/5280316
576k,R28,Resistor_SMD:R_0201_0603Metric,1,YAG2733CT-ND,RC0201FR-07576KL,$0.16,$0.16,https://www.digikey.ca/en/products/detail/yageo/RC0201FR-07576KL/5280593?s=N4IgTCBcDaIAQCUDCAGMKCMAxBBaFA7AKwEBsA0gDIgC6AvkA
100k,"R29,R30",Resistor_SMD:R_0201_0603Metric,2,311-100KMCT-ND,RC0201FR-07100KL,$0.16,$0.32,https://www.digikey.ca/en/products/detail/yageo/RC0201FR-07100KL/1948859?s=N4IgTCBcDaIEoGEAMYkEYBicC0SDsaSSA0gDIgC6AvkA
169k,R3,Resistor_SMD:R_0201_0603Metric,1,YAG2432CT-ND,RC0201FR-07169KL,$0.16,$0.16,https://www.digikey.ca/en/products/detail/yageo/RC0201FR-07169KL/5280292?s=N4IgTCBcDaIEoGEAMYkEYBicC0SDsaAbAJwDSAMiALoC%2BQA
33.2k,R32,Resistor_SMD:R_0201_0603Metric,1,P122942CT-ND,ERJ-1GNF3322C,$0.16,$0.16,https://www.digikey.ca/en/products/detail/panasonic-electronic-components/ERJ-1GNF3322C/2036284?s=N4IgTCBcDaIAQFEBKApAtARgOIDkBiAzAWGAMIgC6AvkA
56k,R33,Resistor_SMD:R_0201_0603Metric,1,YAG2732CT-ND,RC0201FR-0756KL,$0.16,$0.16,https://www.digikey.ca/en/products/detail/yageo/RC0201FR-0756KL/5280592?s=N4IgTCBcDaIEoGEAMYkEYBicC0SDsArAGwDSAMiALoC%2BQA
48.7k,"R34,R58",Resistor_SMD:R_0201_0603Metric,2,YAG2697CT-ND,RC0201FR-0748K7L,$0.16,$0.32,https://www.digikey.ca/en/products/detail/yageo/RC0201FR-0748K7L/5280557?s=N4IgTCBcDaIEoGEAMYkEYBicC0SDsALABwDSeAMiALoC%2BQA
57.6k,R37,Resistor_SMD:R_0201_0603Metric,1,YAG2735CT-ND,RC0201FR-0757K6L,$0.16,$0.16,https://www.digikey.ca/en/products/detail/yageo/RC0201FR-0757K6L/5280595?s=N4IgTCBcDaIEoGEAMYkEYBicC0SDsArHgNIBsAMiALoC%2BQA
324k,R38,Resistor_SMD:R_0201_0603Metric,1,YAG2599CT-ND,RC0201FR-07324KL,$0.16,$0.16,https://www.digikey.ca/en/products/detail/yageo/RC0201FR-07324KL/5280459?s=N4IgTCBcDaIAQCUDCAGMKCMAxBBaFA7AMxgAsA0gDIgC6AvkA
78.7k,"R39,R48",Resistor_SMD:R_0201_0603Metric,2,YAG2802CT-ND,RC0201FR-0778K7L,$0.16,$0.32,https://www.digikey.ca/en/products/detail/yageo/RC0201FR-0778K7L/5280662?s=N4IgTCBcDaIEoGEAMYkEYBicC0SDseAHANJ4AyIAugL5A
90.9k,"R4,R11,R65",Resistor_SMD:R_0201_0603Metric,3,2019-RK73H1HTTC9092FCT-ND,RK73H1HTTC9092F,$0.16,$0.48,https://www.digikey.ca/en/products/detail/koa-speer-electronics-inc/RK73H1HTTC9092F/9843752?s=N4IgTCBcDaIAQCUDSB2AzACQIwYCq4GEBOABiLADEQBdAXyA
26.7k,R40,Resistor_SMD:R_0201_0603Metric,1,2019-RK73H1HTTC2672FCT-ND,RK73H1HTTC2672F,$0.16,$0.16,https://www.digikey.ca/en/products/detail/koa-speer-electronics-inc/RK73H1HTTC2672F/9843748?s=N4IgTCBcDaIAQCUDSB2AzACQIwYCq4GEwA2FMAMRAF0BfIA
59k,R42,Resistor_SMD:R_0201_0603Metric,1,YAG2739CT-ND,RC0201FR-0759KL,$0.16,$0.16,https://www.digikey.ca/en/products/detail/yageo/RC0201FR-0759KL/5280599?s=N4IgTCBcDaIAQCUDCAGMKCMAxBBaFA7AKwCcA0gDIgC6AvkA
7.87k,R43,Resistor_SMD:R_0201_0603Metric,1,YAG2807CT-ND,RC0201FR-077K87L,$0.16,$0.16,https://www.digikey.ca/en/products/detail/yageo/RC0201FR-077K87L/5280667?s=N4IgTCBcDaIAQCUDCAGMKCMAxBBaFA7AQNIAcBAMiALoC%2BQA
243k,R44,Resistor_SMD:R_0201_0603Metric,1,YAG2529CT-ND,RC0201FR-07243KL,$0.16,$0.16,https://www.digikey.ca/en/products/detail/yageo/RC0201FR-07243KL/5280389?s=N4IgTCBcDaIAQCUDCAGMKCMAxBBaFA7GACwDMA0gDIgC6AvkA
107k,R45,Resistor_SMD:R_0201_0603Metric,1,311-107KMCT-ND,RC0201FR-07107KL,$0.16,$0.16,https://www.digikey.ca/en/products/detail/yageo/RC0201FR-07107KL/1948865?s=N4IgTCBcDaIAQCUDCAGMKCMAxBBaFA7BoQNIAyIAugL5A
14.7k,R46,Resistor_SMD:R_0201_0603Metric,1,2019-RK73H1HTTC1472FCT-ND,RK73H1HTTC1472F,$0.16,$0.16,https://www.digikey.ca/en/products/detail/koa-speer-electronics-inc/RK73H1HTTC1472F/9850408?s=N4IgTCBcDaIAQCUDSB2AzACQIwYCq4GEsAWFMAMRAF0BfIA
453k,R47,Resistor_SMD:R_0201_0603Metric,1,YAG2680CT-ND,RC0201FR-07453KL,$0.16,$0.16,https://www.digikey.ca/en/products/detail/yageo/RC0201FR-07453KL/5280540?s=N4IgTCBcDaIAQCUDCAGMKCMAxBBaFA7ACwCsAzANIAyIAugL5A
7.32k,R49,Resistor_SMD:R_0201_0603Metric,1,YAG2805CT-ND,RC0201FR-077K32L,$0.16,$0.16,https://www.digikey.ca/en/products/detail/yageo/RC0201FR-077K32L/5280665?s=N4IgTCBcDaIEoGEAMYkEYBicC0SDseA0gMxgAyIAugL5A
37.4k,"R5,R62",Resistor_SMD:R_0201_0603Metric,2,YAG2631CT-ND,RC0201FR-0737K4L,$0.16,$0.32,https://www.digikey.ca/en/products/detail/yageo/RC0201FR-0737K4L/5280491?s=N4IgTCBcDaIAQCUDCAGMKCMAxBBaFA7AMwEDSALADIgC6AvkA
2.87k,R52,Resistor_SMD:R_0201_0603Metric,1,541-CRCW02012K87FNEDCT-ND,CRCW02012K87FNED,$0.16,$0.16,https://www.digikey.ca/en/products/detail/vishay-dale/CRCW02012K87FNED/1199856?s=N4IgTCBcDaIAQGEBKCDqAGM6CMYDSAHAOwBiAcgKIAiIAugL5A
95.3k,R54,Resistor_SMD:R_0201_0603Metric,1,YAG2850CT-ND,RC0201FR-0795K3L,$0.16,$0.16,https://www.digikey.ca/en/products/detail/yageo/RC0201FR-0795K3L/5280710?s=N4IgTCBcDaIAQCUDCAGMKCMAxBBaFA7AJwCsA0gMwAyIAugL5A
4.02k,R55,Resistor_SMD:R_0201_0603Metric,1,YAG5219CT-ND,AC0201FR-074K02L,$0.16,$0.16,https://www.digikey.ca/en/products/detail/yageo/AC0201FR-074K02L/5894676?s=N4IgTCBcDaIAQEEDCAGMKCMAxASgWhQHYAWAaTQBkQBdAXyA
383k,R56,Resistor_SMD:R_0201_0603Metric,1,YAG2633CT-ND,RC0201FR-07383KL,$0.16,$0.16,https://www.digikey.ca/en/products/detail/yageo/RC0201FR-07383KL/5280493?s=N4IgTCBcDaIEoGEAMYkEYBicC0SDsAzABwEDSAMiALoC%2BQA
11.5k,R57,Resistor_SMD:R_0805_2012Metric,1,311-11.5KCRCT-ND,RC0805FR-0711K5L,$0.16,$0.16,https://www.digikey.ca/en/products/detail/yageo/RC0805FR-0711K5L/727556?s=N4IgTCBcDaIEoGEAMAOJBWAYnAtEg7AIyEDS6AMiALoC%2BQA
22.6k,R59,Resistor_SMD:R_0201_0603Metric,1,YAG2515CT-ND,RC0201FR-0722K6L,$0.16,$0.16,https://www.digikey.ca/en/products/detail/yageo/RC0201FR-0722K6L/5280375?s=N4IgTCBcDaIEoGEAMYkEYBicC0SDsYYA0gGwAyIAugL5A
402k,R6,Resistor_SMD:R_0201_0603Metric,1,YAG2657CT-ND,RC0201FR-07402KL,$0.16,$0.16,https://www.digikey.ca/en/products/detail/yageo/RC0201FR-07402KL/5280517?s=N4IgTCBcDaIEoGEAMYkEYBicC0SDsALCgNIAyIAugL5A
8.06k,R60,Resistor_SMD:R_0201_0603Metric,1,2019-RK73H1HTTC8061FCT-ND,RK73H1HTTC8061F,$0.16,$0.16,https://www.digikey.ca/en/products/detail/koa-speer-electronics-inc/RK73H1HTTC8061F/9843812?s=N4IgTCBcDaIEoGkDsBmAEgRjQFWwYQA4AGANgwDEQBdAXyA
4.32k,R61,Resistor_SMD:R_0201_0603Metric,1,YAG2705CT-ND,RC0201FR-074K32L,$0.16,$0.16,https://www.digikey.ca/en/products/detail/yageo/RC0201FR-074K32L/5280565?s=N4IgTCBcDaIEoGEAMYkEYBicC0SDsALANIDMYAMiALoC%2BQA
19.6k,R63,Resistor_SMD:R_0201_0603Metric,1,YAG2465CT-ND,RC0201FR-0719K6L,$0.16,$0.16,https://www.digikey.ca/en/products/detail/yageo/RC0201FR-0719K6L/5280325?s=N4IgTCBcDaIEoGEAMYkEYBicC0SDsaAnANIBsAMiALoC%2BQA
10.7k,R64,Resistor_SMD:R_0201_0603Metric,1,311-10.7KMCT-ND,RC0201FR-0710K7L,$0.16,$0.16,https://www.digikey.ca/en/products/detail/yageo/RC0201FR-0710K7L/1948869?s=N4IgTCBcDaIEoGEAMYkEYBicC0SDsaSA0ngDIgC6AvkA
1k,"R66,R67,R68,R69,R70,R71,R72",Resistor_SMD:R_0201_0603Metric,7,YAG3417CT-ND,AC0201FR-071KL,$0.16,$1.12,https://www.digikey.ca/en/products/detail/yageo/AC0201FR-071KL/5894376?s=N4IgTCBcDaIIIGEAMYkEYBiAlAtEg7GgNIAyIAugL5A
86.6k,R7,Resistor_SMD:R_0201_0603Metric,1,P123186CT-ND,ERJ-1GNF8662C,$0.16,$0.16,https://www.digikey.ca/en/products/detail/panasonic-electronic-components/ERJ-1GNF8662C/2036333?s=N4IgTCBcDaIAQFEBKApAtARgOIDkBiAHAGxFgDCIAugL5A
20k,R73,Resistor_SMD:R_0603_1608Metric,1,311-20.0KHRCT-ND,RC0603FR-0720KL,$0.16,$0.16,https://www.digikey.ca/en/products/detail/yageo/RC0603FR-0720KL/727040?s=N4IgTCBcDaIEoGEAMA2JBmAYnAtEg7GEgNIAyIAugL5A
102k,R74,Resistor_SMD:R_0603_1608Metric,1,311-102KHRCT-ND,RC0603FR-07102KL,$0.16,$0.16,https://www.digikey.ca/en/products/detail/yageo/RC0603FR-07102KL/726891
680,"R75,R76,R77,R78,R79,R80,R81",Resistor_SMD:R_0603_1608Metric,7,311-680HRCT-ND,RC0603FR-07680RL,$0.16,$1.12,https://www.digikey.ca/en/products/detail/yageo/RC0603FR-07680RL/727355?s=N4IgTCBcDaIEoGEAMA2JBmAYnAtEg7CgBxJwAyIAugL5A
35.7k,R8,Resistor_SMD:R_0201_0603Metric,1,P122958CT-ND,ERJ-1GNF3572C,$0.16,$0.16,https://www.digikey.ca/en/products/detail/panasonic-electronic-components/ERJ-1GNF3572C/2036287?s=N4IgTCBcDaIKICUBSBaAjAcQHIDEDMArAOxgDCIAugL5A
330,R82,Resistor_SMD:R_0603_1608Metric,1,511-SDR03EZPD3300CT-ND,SDR03EZPD3300,$0.38,$0.38,https://www.digikey.ca/en/products/detail/rohm-semiconductor/SDR03EZPD3300/16179701?s=N4IgTCBcDaIAQGUAiAlADAZgKIC0AKSGGaaIAugL5A
390k,R9,Resistor_SMD:R_0201_0603Metric,1,2019-RK73H1HTTC3903FCT-ND,RK73H1HTTC3903F,$0.16,$0.16,https://www.digikey.ca/en/products/detail/koa-speer-electronics-inc/RK73H1HTTC3903F/9850377?s=N4IgTCBcDaIAQCUDSB2AzACQIwYCq4GE0BOABjQDEQBdAXyA
10k_LED_Brightness_Pot,RV1,PTV09A_Pot_Vertical:PTV09,1,PTV09A-4020F-A103-ND,PTV09A-4020F-A103,$1.45,$1.45,https://www.digikey.ca/en/products/detail/bourns-inc/PTV09A-4020F-A103/3781119?s=N4IgTCBcDaIAQAUAqA1ADATgIIFoAsaYaAYjlgIxoDMIAugL5A
5k_Rhi_Adjuster,RV2,PTV09A_Pot_Vertical:PTV09,1,PTV09A-4020F-A502-ND,PTV09A-4020F-A502,$1.45,$1.45,https://www.digikey.ca/en/products/detail/bourns-inc/PTV09A-4020F-A502/3781121?s=N4IgTCBcDaIAQAUAqA1ADATgIIFoAsaYaAYjlgKyEgC6AvkA
SW_SPDT,SW1,Slide_Switch:SW_OS102011MS2QN1,1,CKN9565-ND,OS102011MS2QN1,$0.87,$0.87,https://www.digikey.ca/en/products/detail/c-k/OS102011MS2QN1/411602
SW_SPST,SW2,PW_On_Off_Switch:E-SWITCH_RR511D1121,1,EG4777-ND,RR511D1121,$1.66,$1.66,https://www.digikey.ca/en/products/detail/e-switch/RR511D1121/2116256?s=N4IgTCBcDaIEpwKwEZkBFVmSAugXyA
LM324,"U1,U2,U3,U4,U5,U6,U7",Package_SO:SOIC-14_3.9x8.7mm_P1.27mm,7,296-14597-1-ND,LM324DR,$0.61,$4.27,https://www.digikey.ca/en/products/detail/texas-instruments/LM324DR/555719
NCP161ASN350T1G,U17,Package_TO_SOT_SMD:SOT-23-5,1,488-NCP161ASN350T1GCT-ND,NCP161ASN350T1G,$0.90,$0.90,https://www.digikey.ca/en/products/detail/onsemi/NCP161ASN350T1G/10064813?s=N4IgTCBcDaIHIGEAKBGAbCgggZTgZgFYAGAFRQHEQBdAXyA
NCS333ASQ3T2G,U18,Package_TO_SOT_SMD:SOT-353_SC-70-5,1,NCS333ASQ3T2GOSCT-ND,NCS333ASQ3T2G,$1.13,$1.13,https://www.digikey.ca/en/products/detail/onsemi/NCS333ASQ3T2G/8636491?s=N4IgTCBcDaIHIGEDKBmNBBJBFFAVMA4iALoC%2BQA
LT1054,U8,LT1054_PDIP_Lin_Reg:DIP794W45P254L959H508Q8,1,296-9591-5-ND,LT1054CP,$4.11,$4.11,https://www.digikey.ca/en/products/detail/texas-instruments/LT1054CP/379779?0=%2Fvoltage-regulators-dc-dc-switching-regulators&s=N4IgjCBcpg7LBOKoDGUBmBDANgZwKYA0IA9lANriwBsAzAgEwgC6xADgC5QgDKHATgEsAdgHMQAX2IBaJtBBpIAgK5FSFEAFYWEqSDmUAMgBUwABk0AWHUA
MC78L05_TO92,U9,Package_TO_SOT_THT:TO-92_Inline,1,MC78L05ACPRMGOSCT-ND,MC78L05ACPRMG,$0.85,$0.85,https://www.digikey.ca/en/products/detail/onsemi/MC78L05ACPRMG/1481329
,,,,,,,$54.94,
